url,title,architects,year,location,area,materials,refImage,imageUrls,tags
https://www.archdaily.com/551086/snohetta-unveils-final-design-for-calgary-s-new-central-library?ad_source=search&ad_medium=projects_tab,Calgary's New Central Library and Library Plaza / Snøhetta + DIALOG,Snøhetta,,,,,,https://images.adsttc.com/media/images/5422/ff38/c07a/8086/fc00/017f/large_jpg/7.jpg?1411579691 | https://images.adsttc.com/media/images/5422/ff13/c07a/800d/e500/0174/large_jpg/3.jpg?1411579652 | https://images.adsttc.com/media/images/5422/ff00/c07a/80aa/1700/00a9/large_jpg/1.jpg?1411579635 | https://images.adsttc.com/media/images/5422/ff1c/c07a/80aa/1700/00aa/large_jpg/4.jpg?1411579654 | https://images.adsttc.com/media/images/5422/ff31/c07a/80aa/1700/00ab/large_jpg/6.jpg?1411579683 | https://images.adsttc.com/media/images/5422/ff25/c07a/8086/fc00/017e/large_jpg/5.jpg?1411579672 | https://images.adsttc.com/media/images/5422/ff03/c07a/8086/fc00/017d/large_jpg/2.jpg?1411579635,"Content, Calgary, Calgary, Cultural Architecture, Library, Architecture News, Calgary, More Library »"
https://www.archdaily.com/626917/library-game-library-and-municipality-administration-in-spiez-bauzeit-architekten?ad_source=search&ad_medium=projects_tab,"Library, Game Library & Municipality Administration in Spiez / bauzeit architekten",bauzeit architekten,2014,"Spiez,Bern,Switzerland",2003,,,https://images.adsttc.com/media/images/5546/f250/e58e/ce50/2900/054e/large_jpg/PORTADA_BA-BE-SP-14-01-16.jpg?1430712900 | https://images.adsttc.com/media/images/5546/f1db/e58e/ce70/6c00/051e/large_jpg/BA-BE-SP-14-02-15.jpg?1430712784 | https://images.adsttc.com/media/images/5546/f202/e58e/ce70/6c00/0520/large_jpg/BA-BE-SP-14-02-22.jpg?1430712824 | https://images.adsttc.com/media/images/5546/f1a1/e58e/ce70/6c00/051c/large_jpg/BA-BE-SP-14-01-24.jpg?1430712728 | https://images.adsttc.com/media/images/5546/f221/e58e/ce70/6c00/0521/large_jpg/BA-BE-SP-14-02-27.jpg?1430712855 | https://images.adsttc.com/media/images/5546/f1ab/e58e/ce50/2900/0549/large_jpg/BA-BE-SP-14-02-05.jpg?1430712739 | https://images.adsttc.com/media/images/5546/f1ca/e58e/ce50/2900/054a/large_jpg/BA-BE-SP-14-02-10.jpg?1430712768 | https://images.adsttc.com/media/images/5546/f1ba/e58e/ce70/6c00/051d/large_jpg/BA-BE-SP-14-02-07.jpg?1430712753 | https://images.adsttc.com/media/images/5546/f23e/e58e/ce50/2900/054d/large_jpg/BA-BE-SP-14-NS-101.jpg?1430712887 | https://images.adsttc.com/media/images/5546/f193/e58e/ce50/2900/0548/large_jpg/BA-BE-SP-14-01-04.jpg?1430712717 | https://images.adsttc.com/media/images/5546/f186/e58e/ce50/2900/0547/large_jpg/BA-BE-SP-14-01-03.jpg?1430712702 | https://images.adsttc.com/media/images/5546/f1e8/e58e/ce50/2900/054b/large_jpg/BA-BE-SP-14-02-16.jpg?1430712799 | https://images.adsttc.com/media/images/5546/f233/e58e/ce70/6c00/0522/large_jpg/BA-BE-SP-14-02-44.jpg?1430712871 | https://images.adsttc.com/media/images/5546/f212/e58e/ce50/2900/054c/large_jpg/BA-BE-SP-14-02-23.jpg?1430712839 | https://images.adsttc.com/media/images/5546/f1f2/e58e/ce70/6c00/051f/large_jpg/BA-BE-SP-14-02-20.jpg?1430712811 | https://images.adsttc.com/media/images/5546/f426/e58e/ce50/2900/0551/large_jpg/Library_game_library_administration_municipality_spiez_plans-2_copy.jpg?1430713367 | https://images.adsttc.com/media/images/5546/f438/e58e/ce70/6c00/0525/large_jpg/Library_game_library_administration_municipality_spiez_plans-3_copy.jpg?1430713385 | https://images.adsttc.com/media/images/5546/f44d/e58e/ce70/6c00/0526/large_jpg/Library_game_library_administration_municipality_spiez_plans-4_copy.jpg?1430713406 | https://images.adsttc.com/media/images/5546/f3e9/e58e/ce50/2900/054f/large_jpg/Elev.jpg?1430713308 | https://images.adsttc.com/media/images/5546/f3f9/e58e/ce70/6c00/0523/large_jpg/elev1.jpg?1430713326 | https://images.adsttc.com/media/images/5546/f407/e58e/ce50/2900/0550/large_jpg/Elev2.jpg?1430713342 | https://images.adsttc.com/media/images/5546/f414/e58e/ce70/6c00/0524/large_jpg/Elev3.jpg?1430713353 | https://images.adsttc.com/media/images/5546/f47d/e58e/ce50/2900/0553/large_jpg/Sec3.jpg?1430713458 | https://images.adsttc.com/media/images/5546/f45d/e58e/ce70/6c00/0527/large_jpg/Sec1.jpg?1430713427 | https://images.adsttc.com/media/images/5546/f46d/e58e/ce50/2900/0552/large_jpg/Sec2.jpg?1430713443,"Content, LIBRARY, Spiez, Cultural Architecture, Library, Spiez, Dabas, Cultural, Wood, 3D Modelling, Cultural Center, More Library »"
https://www.archdaily.com/893450/khalifeyah-library-search?ad_source=search&ad_medium=projects_tab,Khalifeyah Library / SeARCH,SeARCH,2016,"Muharraq,Muharraq Governorate,Bahrain",600,,,https://images.adsttc.com/media/images/5ae3/71c4/f197/cccc/c100/059c/large_jpg/Khalifeyah_Library_SeARCH_-_Credit_Iwan_Baan_1168.jpg?1524855208 | https://images.adsttc.com/media/images/5ae3/6f14/f197/cccc/c100/0591/large_jpg/-_Featured_Image.jpg?1524854520 | https://images.adsttc.com/media/images/5ae3/6ef4/f197/ccfe/da00/030d/large_jpg/Khalifeyah_Library_SeARCH_-_Credit_Iwan_Baan_0419.jpg?1524854489 | https://images.adsttc.com/media/images/5ae3/702e/f197/ccfe/da00/0314/large_jpg/Khalifeyah_Library_SeARCH_-_Credit_Iwan_Baan_0541.jpg?1524854803 | https://images.adsttc.com/media/images/5ae3/6fc1/f197/ccfe/da00/0312/large_jpg/Khalifeyah_Library_SeARCH_-_Credit_Iwan_Baan_0500.jpg?1524854695 | https://images.adsttc.com/media/images/5ae3/70f6/f197/cccc/c100/059a/large_jpg/Khalifeyah_Library_SeARCH_-_Credit_Iwan_Baan_1004.jpg?1524855003 | https://images.adsttc.com/media/images/5ae3/6fff/f197/ccfe/da00/0313/large_jpg/04_SeARCH_KahlifeyahLibrary_0681_BM.jpg?1524854777 | https://images.adsttc.com/media/images/5ae3/70bb/f197/ccfe/da00/0317/large_jpg/Khalifeyah_Library_SeARCH_-_Credit_Iwan_Baan_0952.jpg?1524854945 | https://images.adsttc.com/media/images/5ae3/7143/f197/ccfe/da00/031b/large_jpg/Khalifeyah_Library_SeARCH_-_Credit_Iwan_Baan_1050.jpg?1524855081 | https://images.adsttc.com/media/images/5ae3/708c/f197/cccc/c100/0598/large_jpg/05_SEA_0574_BM.jpg?1524854893 | https://images.adsttc.com/media/images/5ae3/6f39/f197/ccfe/da00/030e/large_jpg/01_SEA_0540_BM.jpg?1524854552 | https://images.adsttc.com/media/images/5ae3/6fa1/f197/ccfe/da00/0311/large_jpg/Khalifeyah_Library_SeARCH_-_Credit_Iwan_Baan_0423.jpg?1524854663 | https://images.adsttc.com/media/images/5ae3/705f/f197/cccc/c100/0597/large_jpg/Khalifeyah_Library_SeARCH_-_Credit_Iwan_Baan_0695.jpg?1524854851 | https://images.adsttc.com/media/images/5ae3/6f76/f197/ccfe/da00/0310/large_jpg/02_SEA_0732_BM.jpg?1524854608 | https://images.adsttc.com/media/images/5ae3/6ff3/f197/cccc/c100/0594/large_jpg/03_SEA_0806_BM.jpg?1524854741 | https://images.adsttc.com/media/images/5ae3/72cd/f197/cccc/c100/059f/large_jpg/01_Concept_plan.jpg?1524855487 | https://images.adsttc.com/media/images/5ae3/72bc/f197/ccfe/da00/031e/large_jpg/02_Ground_floor.jpg?1524855472 | https://images.adsttc.com/media/images/5ae3/72dd/f197/ccfe/da00/031f/large_jpg/03_Elevation.jpg?1524855505 | https://images.adsttc.com/media/images/5ae3/72ef/f197/cccc/c100/05a0/large_jpg/04_Section.jpg?1524855522,"Content, LIBRARY, Cultural Architecture, Library, Muharraq, More Library »"
https://www.archdaily.com/412874/bayuquan-library-sh-dsd?ad_source=search&ad_medium=projects_tab,Bayuquan Library / DSD,DSD,,"Yingkou,Liaoning,China",,,,https://images.adsttc.com/media/images/5202/7557/e8e4/4eff/f200/00fa/large_jpg/Portada.jpg?1375892799 | https://images.adsttc.com/media/images/5202/6f4c/e8e4/4ebc/d300/00ff/large_jpg/%E2%80%9C%CF%80%C3%A6%E2%88%9E2.jpg?1375891223 | https://images.adsttc.com/media/images/5202/7017/e8e4/4eff/f200/00ef/large_jpg/%C2%BB%C3%8E%C3%B8%E2%81%84%E2%88%9A%E2%89%88%C3%83%C2%B8.jpg?1375891437 | https://images.adsttc.com/media/images/5202/738c/e8e4/4eff/f200/00f7/large_jpg/%C2%B5%C3%81%E2%97%8A%E2%80%9D%E2%80%98%C6%92%C2%BF%C2%BF.jpg?1375892350 | https://images.adsttc.com/media/images/5202/7570/e8e4/4ebc/d300/010d/large_jpg/%E2%80%98%C6%92%C2%BF%C2%BF%C2%AB%C2%AF.jpg?1375892826 | https://images.adsttc.com/media/images/5202/6eee/e8e4/4ebc/d300/00fe/large_jpg/%E2%80%9C%CF%80%C3%A6%E2%88%9E3.jpg?1375891153 | https://images.adsttc.com/media/images/5202/6f53/e8e4/4eff/f200/00ee/large_jpg/%C2%B1%C2%AE%E2%88%8F%C3%8A%C3%83%C2%B8.jpg?1375891255 | https://images.adsttc.com/media/images/5202/742a/e8e4/4eff/f200/00f8/large_jpg/%E2%97%8A%E2%80%B9%C3%83%C3%82%C6%92%C3%92%C3%93%C2%B4.jpg?1375892491 | https://images.adsttc.com/media/images/5202/7422/e8e4/4ebc/d300/010a/large_jpg/173.jpg?1375892480 | https://images.adsttc.com/media/images/5202/733e/e8e4/4ebc/d300/0109/large_jpg/%E2%88%82%CB%98%C3%95%C3%98%E2%80%98%C6%92%C2%BF%C2%BF%C2%AB%C2%AF.jpg?1375892260 | https://images.adsttc.com/media/images/5202/7004/e8e4/4ebc/d300/0100/large_jpg/%C2%BB%CB%9D%CE%A9%C2%AB%C3%95%E2%80%A2%E2%80%98%E2%88%AB.jpg?1375891426 | https://images.adsttc.com/media/images/5202/74f1/e8e4/4ebc/d300/010c/large_jpg/%C3%95%E2%80%9A%C3%A6%E2%88%9E.jpg?1375892700 | https://images.adsttc.com/media/images/5202/74c5/e8e4/4eff/f200/00f9/large_jpg/IMG_0418.jpg?1375892630 | https://images.adsttc.com/media/images/5202/748e/e8e4/4ebc/d300/010b/large_jpg/IMG_0302.jpg?1375892593 | https://images.adsttc.com/media/images/5202/72fa/e8e4/4eff/f200/00f5/large_jpg/%C2%BB%C3%8E%C3%B8%E2%81%84%E2%88%9A%E2%89%88%C3%83%C2%B8.jpg?1375892185 | https://images.adsttc.com/media/images/5202/72d3/e8e4/4ebc/d300/0108/large_jpg/%C2%BB%CB%9D%CE%A9%C2%AB%C3%95%E2%80%A2%E2%80%98%E2%88%AB.jpg?1375892154 | https://images.adsttc.com/media/images/5202/733c/e8e4/4eff/f200/00f6/large_jpg/%E2%88%82%CB%9B%C2%AC%E2%80%A2%C2%A0%E2%80%9C%C6%92%E2%81%84%C3%B8%C2%A5%C3%95%E2%80%A2%E2%80%98%E2%88%AB.jpg?1375892265 | https://images.adsttc.com/media/images/5202/765c/e8e4/4ebc/d300/010e/large_jpg/Plan-1ST.jpg?1375893073 | https://images.adsttc.com/media/images/5202/7111/e8e4/4ebc/d300/0101/large_jpg/Plan-2ND.jpg?1375891717 | https://images.adsttc.com/media/images/5202/7149/e8e4/4eff/f200/00f0/large_jpg/Plan-3RD.jpg?1375891774 | https://images.adsttc.com/media/images/5202/71b5/e8e4/4ebc/d300/0107/large_jpg/four.jpg?1375891887 | https://images.adsttc.com/media/images/5202/7186/e8e4/4ebc/d300/0104/large_jpg/Plan-GND.jpg?1375891832 | https://images.adsttc.com/media/images/5202/716a/e8e4/4eff/f200/00f1/large_jpg/roof.jpg?1375891812 | https://images.adsttc.com/media/images/5202/7186/e8e4/4eff/f200/00f2/large_jpg/sect2.jpg?1375891838 | https://images.adsttc.com/media/images/5202/7177/e8e4/4ebc/d300/0103/large_jpg/sect.jpg?1375891824 | https://images.adsttc.com/media/images/5202/71ac/e8e4/4eff/f200/00f4/large_jpg/elev4.jpg?1375891876 | https://images.adsttc.com/media/images/5202/7199/e8e4/4ebc/d300/0105/large_jpg/elev.jpg?1375891857 | https://images.adsttc.com/media/images/5202/7199/e8e4/4eff/f200/00f3/large_jpg/elev2.jpg?1375891857 | https://images.adsttc.com/media/images/5202/71a9/e8e4/4ebc/d300/0106/large_jpg/elev3.jpg?1375891872,"Content, LIBRARY, Cultural Architecture, Library, Yingkou, Cultural Center, Cultural, More Library »"
https://www.archdaily.com/875091/albion-library-perkins-plus-will-canada?ad_source=search&ad_medium=projects_tab,Albion Library / Perkins&Will,Perkins&Will,2017,"Toronto,Ontario,Canada",29000,,,https://images.adsttc.com/media/images/595b/9b16/b22e/386b/ae00/011e/large_jpg/007-_Perkins_Will_Albion_Library.jpg?1499175694 | https://images.adsttc.com/media/images/595b/9c5a/b22e/386b/ae00/0129/large_jpg/219-Perkins_Will_Albion_Library.jpg?1499176017 | https://images.adsttc.com/media/images/595b/9db8/b22e/386b/ae00/0133/large_jpg/AlbionInterior06.jpg?1499176357 | https://images.adsttc.com/media/images/595b/9d09/b22e/386b/ae00/012e/large_jpg/AlbionExterior14.jpg?1499176183 | https://images.adsttc.com/media/images/595b/9d85/b22e/386b/ae00/0131/large_jpg/AlbionInterior04.jpg?1499176307 | https://images.adsttc.com/media/images/595b/9cef/b22e/386b/ae00/012d/large_jpg/AlbionExterior13.jpg?1499176158 | https://images.adsttc.com/media/images/595b/9e65/b22e/38e8/1900/0203/large_jpg/AlbionInterior12.jpg?1499176517 | https://images.adsttc.com/media/images/595b/9e3d/b22e/38e8/1900/0202/large_jpg/AlbionInterior11.jpg?1499176484 | https://images.adsttc.com/media/images/595b/9cd6/b22e/386b/ae00/012c/large_jpg/AlbionExterior12.jpg?1499176133 | https://images.adsttc.com/media/images/595b/9ca0/b22e/386b/ae00/012b/large_jpg/AlbionExterior10.jpg?1499176071 | https://images.adsttc.com/media/images/595b/9d52/b22e/386b/ae00/012f/large_jpg/AlbionInterior02.jpg?1499176255 | https://images.adsttc.com/media/images/595b/9d9e/b22e/386b/ae00/0132/large_jpg/AlbionInterior05.jpg?1499176332 | https://images.adsttc.com/media/images/595b/9e05/b22e/386b/ae00/0135/large_jpg/AlbionInterior09.jpg?1499176432 | https://images.adsttc.com/media/images/595b/9e1c/b22e/38e8/1900/0201/large_jpg/AlbionInterior10.jpg?1499176458 | https://images.adsttc.com/media/images/595b/9b08/b22e/38e8/1900/01f2/large_jpg/004-_Perkins_Will_Albion_Library.jpg?1499175680 | https://images.adsttc.com/media/images/595b/9b75/b22e/386b/ae00/0121/large_jpg/103-_Perkins_Will_Albion_Library.jpg?1499175787 | https://images.adsttc.com/media/images/595b/9b97/b22e/38e8/1900/01f6/large_jpg/AlbionExterior03.jpg?1499175813 | https://images.adsttc.com/media/images/595b/9bac/b22e/386b/ae00/0123/large_jpg/AlbionExterior04.jpg?1499175837 | https://images.adsttc.com/media/images/595b/9b83/b22e/386b/ae00/0122/large_jpg/141-_Perkins_Will_Albion_Library.jpg?1499175803 | https://images.adsttc.com/media/images/595b/9bba/b22e/386b/ae00/0124/large_jpg/144-_Perkins_Will_Albion_Library.jpg?1499175858 | https://images.adsttc.com/media/images/595b/9bc4/b22e/38e8/1900/01f7/large_jpg/182-Perkins_Will_Albion_Library.jpg?1499175868 | https://images.adsttc.com/media/images/595b/9be2/b22e/386b/ae00/0125/large_jpg/AlbionExterior05.jpg?1499175892 | https://images.adsttc.com/media/images/595b/9d22/b22e/38e8/1900/01fe/large_jpg/AlbionExterior15.jpg?1499176209 | https://images.adsttc.com/media/images/595b/9c82/b22e/38e8/1900/01fc/large_jpg/234-Perkins_Will_Albion_Library.jpg?1499176055 | https://images.adsttc.com/media/images/595b/9d6b/b22e/386b/ae00/0130/large_jpg/AlbionInterior03.jpg?1499176280 | https://images.adsttc.com/media/images/595b/9b20/b22e/38e8/1900/01f3/large_jpg/019-_Perkins_Will_Albion_Library_1_2.jpg?1499175704 | https://images.adsttc.com/media/images/595b/9b42/b22e/38e8/1900/01f4/large_jpg/AlbionExterior02.jpg?1499175729 | https://images.adsttc.com/media/images/595b/9b5b/b22e/38e8/1900/01f5/large_jpg/AlbionExterior01.jpg?1499175753 | https://images.adsttc.com/media/images/595b/9c27/b22e/386b/ae00/0127/large_jpg/AlbionExterior07.jpg?1499175958 | https://images.adsttc.com/media/images/595b/9c10/b22e/38e8/1900/01fa/large_jpg/208-Perkins_Will_Albion_Library.jpg?1499175946 | https://images.adsttc.com/media/images/595b/9c06/b22e/386b/ae00/0126/large_jpg/188-Perkins_Will_Albion_Library.jpg?1499175933 | https://images.adsttc.com/media/images/595b/9bf9/b22e/38e8/1900/01f9/large_jpg/AlbionExterior06.jpg?1499175909 | https://images.adsttc.com/media/images/595b/9c41/b22e/386b/ae00/0128/large_jpg/AlbionExterior08.jpg?1499175982 | https://images.adsttc.com/media/images/595b/9c4d/b22e/38e8/1900/01fb/large_jpg/216-Perkins_Will_Albion_Library.jpg?1499176004 | https://images.adsttc.com/media/images/595b/9cbe/b22e/38e8/1900/01fd/large_jpg/AlbionExterior10-2.jpg?1499176103 | https://images.adsttc.com/media/images/595b/9d3a/b22e/38e8/1900/01ff/large_jpg/AlbionInterior01.jpg?1499176233 | https://images.adsttc.com/media/images/595b/9dd1/b22e/38e8/1900/0200/large_jpg/AlbionInterior07.jpg?1499176382 | https://images.adsttc.com/media/images/595b/9dea/b22e/386b/ae00/0134/large_jpg/AlbionInterior8.jpg?1499176407 | https://images.adsttc.com/media/images/595b/9c72/b22e/386b/ae00/012a/large_jpg/AlbionExterior09.jpg?1499176031 | https://images.adsttc.com/media/images/595b/9b2b/b22e/386b/ae00/011f/large_jpg/Albion_Library_-_Building_Concept.jpg?1499175718 | https://images.adsttc.com/media/images/595b/9b65/b22e/386b/ae00/0120/large_jpg/Albion_Library_-_Site_and_Floor_Plan.jpg?1499175774,"Content, LIBRARY, Toronto, Cultural Architecture, Library, Toronto, More Library »"
https://www.archdaily.com/112179/sammamish-library-perkins-will?ad_source=search&ad_medium=projects_tab,Sammamish Library / Perkins&Will,Perkins&Will,2010,"Sammamish,Washington,United States",20000,,,https://images.adsttc.com/media/images/5007/6ffc/28ba/0d41/4800/2395/large_jpg/stringio.jpg?1414451694 | https://images.adsttc.com/media/images/5007/700c/28ba/0d41/4800/2399/large_jpg/stringio.jpg?1414451697 | https://images.adsttc.com/media/images/5007/7000/28ba/0d41/4800/2396/large_jpg/stringio.jpg?1414451700 | https://images.adsttc.com/media/images/5007/7004/28ba/0d41/4800/2397/large_jpg/stringio.jpg?1414451703 | https://images.adsttc.com/media/images/5007/7008/28ba/0d41/4800/2398/large_jpg/stringio.jpg?1414451706 | https://images.adsttc.com/media/images/5007/7010/28ba/0d41/4800/239a/large_jpg/stringio.jpg?1414451709 | https://images.adsttc.com/media/images/5007/7014/28ba/0d41/4800/239b/large_jpg/stringio.jpg?1414451712 | https://images.adsttc.com/media/images/5007/7018/28ba/0d41/4800/239c/large_jpg/stringio.jpg?1414451715 | https://images.adsttc.com/media/images/5007/701c/28ba/0d41/4800/239d/large_jpg/stringio.jpg?1414451718 | https://images.adsttc.com/media/images/5007/701f/28ba/0d41/4800/239e/large_jpg/stringio.jpg?1414451721,"Content, LIBRARY, Sammamish, Cultural Architecture, Library, Sammamish, Cultural, Cultural Center, More Library »"
https://www.archdaily.com/1033750/rahmah-library-the-maak?ad_source=search&ad_medium=projects_tab,Rahmah Library / The MAAK,The MAAK,2025,"Cape Town,Western Cape,South Africa",215,,,https://images.adsttc.com/media/images/68b8/4fc3/5abc/4f01/87ca/7d2e/large_jpg/rahmah-library-the-maak_23.jpg?1756909531 | https://images.adsttc.com/media/images/68b8/4fbb/5abc/4f01/87ca/7d29/large_jpg/rahmah-library-the-maak_12.jpg?1756909519 | https://images.adsttc.com/media/images/68b8/4fbf/6ea4/4401/8820/9686/large_jpg/rahmah-library-the-maak_4.jpg?1756909532 | https://images.adsttc.com/media/images/68b8/4fc4/6ea4/4401/8820/968a/large_jpg/rahmah-library-the-maak_24.jpg?1756909531 | https://images.adsttc.com/media/images/68b8/4fc4/6ea4/4401/8820/968b/large_jpg/rahmah-library-the-maak_22.jpg?1756909528 | https://images.adsttc.com/media/images/68b8/4fc2/6ea4/4401/8820/9687/large_jpg/rahmah-library-the-maak_8.jpg?1756909532 | https://images.adsttc.com/media/images/68b8/4fc5/31f7/9d01/7f4e/531e/large_jpg/rahmah-library-the-maak_15.jpg?1756909536 | https://images.adsttc.com/media/images/68b8/4fc3/6ea4/4401/8820/9688/large_jpg/rahmah-library-the-maak_13.jpg?1756909532 | https://images.adsttc.com/media/images/68b8/4fc0/31f7/9d01/7f4e/531c/large_jpg/rahmah-library-the-maak_21.jpg?1756909531 | https://images.adsttc.com/media/images/68b8/4fb8/31f7/9d01/7f4e/5318/large_jpg/rahmah-library-the-maak_1.jpg?1756909517 | https://images.adsttc.com/media/images/68b8/4fba/6ea4/4401/8820/9683/large_jpg/rahmah-library-the-maak_7.jpg?1756909519 | https://images.adsttc.com/media/images/68b8/4fb9/5abc/4f01/87ca/7d28/large_jpg/rahmah-library-the-maak_6.jpg?1756909540 | https://images.adsttc.com/media/images/68b8/4fbe/6ea4/4401/8820/9684/large_jpg/rahmah-library-the-maak_20.jpg?1756909523 | https://images.adsttc.com/media/images/68b8/4fc2/5abc/4f01/87ca/7d2d/large_jpg/rahmah-library-the-maak_19.jpg?1756909527 | https://images.adsttc.com/media/images/68b8/4fc5/5abc/4f01/87ca/7d2f/large_jpg/rahmah-library-the-maak_25.jpg?1756909537 | https://images.adsttc.com/media/images/68b8/4fb7/5abc/4f01/87ca/7d27/large_jpg/rahmah-library-the-maak_2.jpg?1756909516 | https://images.adsttc.com/media/images/68b8/4fbe/5abc/4f01/87ca/7d2a/large_jpg/rahmah-library-the-maak_18.jpg?1756909530 | https://images.adsttc.com/media/images/68b8/4fc4/6ea4/4401/8820/9689/large_jpg/rahmah-library-the-maak_11.jpg?1756909553 | https://images.adsttc.com/media/images/68b8/4fc3/31f7/9d01/7f4e/531d/large_jpg/rahmah-library-the-maak_16.jpg?1756909553 | https://images.adsttc.com/media/images/68b8/4fc2/5abc/4f01/87ca/7d2c/large_jpg/rahmah-library-the-maak_10.jpg?1756909532 | https://images.adsttc.com/media/images/68b8/4fbf/6ea4/4401/8820/9685/large_jpg/rahmah-library-the-maak_14.jpg?1756909526 | https://images.adsttc.com/media/images/68b8/4fba/31f7/9d01/7f4e/531a/large_jpg/rahmah-library-the-maak_5.jpg?1756909519 | https://images.adsttc.com/media/images/68b8/4f7d/31f7/9d01/7f4e/5316/large_jpg/the-maak-rahmah-library-comic-strip-1.jpg?1756909472 | https://images.adsttc.com/media/images/68b8/5021/6ea4/4401/8820/968e/large_jpg/rahmah-library-the-maak_26.jpg?1756909620 | https://images.adsttc.com/media/images/68b8/5021/5abc/4f01/87ca/7d32/large_jpg/rahmah-library-the-maak_27.jpg?1756909622 | https://images.adsttc.com/media/images/68b8/5021/6ea4/4401/8820/968f/large_jpg/rahmah-library-the-maak_28.jpg?1756909622 | https://images.adsttc.com/media/images/68b8/4ee4/6ea4/4401/8820/967e/large_jpg/rahmah-library-06-axo-6.jpg?1756909451 | https://images.adsttc.com/media/images/68b8/4ee3/31f7/9d01/7f4e/5313/large_jpg/rahmah-library-07-exploded-axo-7.jpg?1756909441 | https://images.adsttc.com/media/images/68b8/4ee2/5abc/4f01/87ca/7d20/large_jpg/rahmah-library-01-site-plan-1.jpg?1756909428 | https://images.adsttc.com/media/images/68b8/4ee2/5abc/4f01/9eca/7d1d/large_jpg/rahmah-library-02-ground-floor-plan-2.jpg?1756909460 | https://images.adsttc.com/media/images/68b8/4ee2/6ea4/4401/9f20/9679/large_jpg/rahmah-library-05-long-section-5.jpg?1756909473 | https://images.adsttc.com/media/images/68b8/4ee2/31f7/9d01/7f4e/5312/large_jpg/rahmah-library-04-short-section-4.jpg?1756909464 | https://images.adsttc.com/media/images/68b8/4ee2/6ea4/4401/8820/967d/large_jpg/rahmah-library-03-south-elevation-3.jpg?1756909454,"Content, LIBRARY, SCHOOLS, Cultural Architecture, Library, Educational Architecture, Schools, Cape Town, More Library »"
https://www.archdaily.com/976690/the-library-a-work-of-substance?ad_source=search&ad_medium=projects_tab,The Library / A Work of Substance,A Work of Substance,2021,,6120,,,https://images.adsttc.com/media/images/6206/2a2a/d82d/7f07/6569/3692/large_jpg/library-3217.jpg?1644571190 | https://images.adsttc.com/media/images/6206/2a2b/d82d/7f07/6569/3694/large_jpg/library-7386.jpg?1644571207 | https://images.adsttc.com/media/images/6206/2a2a/d82d/7f07/6569/3693/large_jpg/library-6244.jpg?1644571191 | https://images.adsttc.com/media/images/6206/2a32/d82d/7f07/6569/369a/large_jpg/library-6235.jpg?1644571215 | https://images.adsttc.com/media/images/6206/2a33/d82d/7f07/6569/369d/large_jpg/library-3258.jpg?1644571219 | https://images.adsttc.com/media/images/6206/2a26/d82d/7f07/6569/3690/large_jpg/library-3192.jpg?1644571187 | https://images.adsttc.com/media/images/6206/2a29/d82d/7f07/6569/3691/large_jpg/library-3210.jpg?1644571190 | https://images.adsttc.com/media/images/6206/2a35/d82d/7f07/6569/369e/large_jpg/library-7414.jpg?1644571216 | https://images.adsttc.com/media/images/6206/2a31/d82d/7f07/6569/3699/large_jpg/library-3304.jpg?1644571223 | https://images.adsttc.com/media/images/6206/2a2d/d82d/7f07/6569/3696/large_jpg/library-3325.jpg?1644571211 | https://images.adsttc.com/media/images/6206/2a33/d82d/7f07/6569/369c/large_jpg/library-6163.jpg?1644571203 | https://images.adsttc.com/media/images/6206/2a29/7b3c/d307/19d3/1726/large_jpg/library-6112.jpg?1644571194 | https://images.adsttc.com/media/images/6206/2a32/d82d/7f07/6569/369b/large_jpg/library-6142.jpg?1644571204 | https://images.adsttc.com/media/images/6206/2a2f/d82d/7f07/6569/3697/large_jpg/library-6381.jpg?1644571197 | https://images.adsttc.com/media/images/6206/2a30/d82d/7f07/6569/3698/large_jpg/library-6345.jpg?1644571203 | https://images.adsttc.com/media/images/6206/2a2d/d82d/7f07/6569/3695/large_jpg/library-3001.jpg?1644571198 | https://images.adsttc.com/media/images/6206/2a37/d82d/7f07/6569/369f/large_jpg/the-library-presskit-combined.jpg?1644571234 | https://images.adsttc.com/media/images/6206/2a38/d82d/7f07/6569/36a0/large_jpg/the-library-presskit-combined-1.jpg?1644571207,"Content, PARKING, INTERIOR DESIGN, Infrastructure, Transportation, Parking, Interior Design, Hong Kong, On Facebook, More Parking »"
https://www.archdaily.com/988384/igi-library-atakarchitekti?ad_source=search&ad_medium=projects_tab,IGI Library / atakarchitekti,atakarchitekti,2021,"Vratislavice nad Nisou,Liberec Region",1247,,,https://images.adsttc.com/media/images/6311/fc42/f55c/6641/dc51/27e5/large_jpg/igi-library-atakarchitekti_5.jpg?1662123124 | https://images.adsttc.com/media/images/6311/fc40/7872/442e/38fe/f945/large_jpg/igi-library-atakarchitekti_1.jpg?1662123125 | https://images.adsttc.com/media/images/6311/fc3f/7872/442e/38fe/f943/large_jpg/igi-library-atakarchitekti_7.jpg?1662123114 | https://images.adsttc.com/media/images/6311/fc3f/7872/442e/38fe/f944/large_jpg/igi-library-atakarchitekti_15.jpg?1662123091 | https://images.adsttc.com/media/images/6311/fc3f/f55c/6641/dc51/27e2/large_jpg/igi-library-atakarchitekti_14.jpg?1662123109 | https://images.adsttc.com/media/images/6311/fc3d/7872/442e/38fe/f941/large_jpg/igi-library-atakarchitekti_2.jpg?1662123085 | https://images.adsttc.com/media/images/6311/fc43/7872/442e/38fe/f948/large_jpg/igi-library-atakarchitekti_6.jpg?1662123090 | https://images.adsttc.com/media/images/6311/fc42/f55c/6641/dc51/27e6/large_jpg/igi-library-atakarchitekti_10.jpg?1662123125 | https://images.adsttc.com/media/images/6311/fc41/f55c/6641/dc51/27e4/large_jpg/igi-library-atakarchitekti_9.jpg?1662123119 | https://images.adsttc.com/media/images/6311/fc3e/7872/442e/38fe/f942/large_jpg/igi-library-atakarchitekti_11.jpg?1662123108 | https://images.adsttc.com/media/images/6311/fc43/7872/442e/38fe/f949/large_jpg/igi-library-atakarchitekti_16.jpg?1662123106 | https://images.adsttc.com/media/images/6311/fc42/7872/442e/38fe/f947/large_jpg/igi-library-atakarchitekti_17.jpg?1662123110 | https://images.adsttc.com/media/images/6311/fc3c/f55c/6641/dc51/27e1/large_jpg/igi-library-atakarchitekti_8.jpg?1662123085 | https://images.adsttc.com/media/images/6311/fc43/f55c/6646/f997/ce6d/large_jpg/igi-library-atakarchitekti_12.jpg?1662123091 | https://images.adsttc.com/media/images/6311/fc42/7872/442e/38fe/f946/large_jpg/igi-library-atakarchitekti_13.jpg?1662123094 | https://images.adsttc.com/media/images/6311/fc40/f55c/6641/dc51/27e3/large_jpg/igi-library-atakarchitekti_3.jpg?1662123104 | https://images.adsttc.com/media/images/6311/fc47/7872/442e/38fe/f94a/large_jpg/igi-library-atakarchitekti_4.jpg?1662123104 | https://images.adsttc.com/media/images/6311/fa18/7872/444d/0324/6fe0/large_jpg/01-situ-1.jpg?1662122557 | https://images.adsttc.com/media/images/6311/fa17/f55c/6641/dc51/27c0/large_jpg/02-1np-2-2.jpg?1662122534 | https://images.adsttc.com/media/images/6311/fa17/7872/444d/0324/6fde/large_jpg/02-2np-2-4.jpg?1662122535 | https://images.adsttc.com/media/images/6311/fa17/f55c/6641/dc51/27c1/large_jpg/02-3np-2-6.jpg?1662122541 | https://images.adsttc.com/media/images/6311/fa17/7872/442e/38fe/f90e/large_jpg/02-1pp-2-3.jpg?1662122543 | https://images.adsttc.com/media/images/6311/fa18/7872/444d/0324/6fdf/large_jpg/02-2pp-2-5.jpg?1662122552 | https://images.adsttc.com/media/images/6311/fa18/7872/442e/38fe/f90f/large_jpg/03-rez01-2-7.jpg?1662122571 | https://images.adsttc.com/media/images/6311/fa18/f55c/6641/dc51/27c2/large_jpg/03-rez02-2-8.jpg?1662122557 | https://images.adsttc.com/media/images/6311/fa17/f55c/6646/f997/ce68/large_jpg/03-rez03-2-9.jpg?1662122542,"Content, LIBRARY, ADAPTIVE REUSE, Cultural Architecture, Library, Refurbishment, Adaptive Reuse, Vratislavice Nad Nisou, On Facebook, More Library »"
https://www.archdaily.com/354701/hunt-library-snohetta?ad_source=search&ad_medium=projects_tab,Hunt Library / Snøhetta,Snøhetta,2013,"Raleigh,North Carolina,United States",221122,"Glass, Steel",,https://images.adsttc.com/media/images/5722/acac/e58e/ce15/2e00/0090/large_jpg/200704_NY_publication.jpg?1461890208 | https://images.adsttc.com/media/images/515c/82dd/b3fc/4bc5/2600/0073/large_jpg/3_HuntLibrary-credit_Mark_Herboth.jpg?1365017298 | https://images.adsttc.com/media/images/515c/827f/b3fc/4b9d/4f00/0089/large_jpg/5_HuntLibrary-credit_Mark_Herboth.jpg?1365017189 | https://images.adsttc.com/media/images/5722/ab2d/e58e/cee4/4a00/010e/large_jpg/200704_NY_N9_publication.jpg?1461889825 | https://images.adsttc.com/media/images/5722/ab5e/e58e/ce15/2e00/008a/large_jpg/200704_NY_N13_publication.jpg?1461889874 | https://images.adsttc.com/media/images/515c/82cd/b3fc/4b2b/a700/0069/large_jpg/6_HuntLibrary-credit_Mark_Herboth.jpg?1365017280 | https://images.adsttc.com/media/images/515c/825f/b3fc/4b9d/4f00/0088/large_jpg/Hunt_Library_credit_Snohetta.jpg?1365017164 | https://images.adsttc.com/media/images/515c/8263/b3fc/4b2b/a700/0065/large_jpg/11_HuntLibrary-credit_Mark_Herboth.jpg?1365017175 | https://images.adsttc.com/media/images/515c/82ba/b3fc/4b2b/a700/0068/large_jpg/4_HuntLibrary-credit_Mark_Herboth.jpg?1365017256 | https://images.adsttc.com/media/images/515c/8282/b3fc/4b2b/a700/0066/large_jpg/8_HuntLibrary-credit_Mark_Herboth.jpg?1365017205 | https://images.adsttc.com/media/images/515c/8294/b3fc/4b2b/a700/0067/large_jpg/10_HuntLibrary-credit_Mark_Herboth.jpg?1365017224 | https://images.adsttc.com/media/images/515c/8299/b3fc/4b9d/4f00/008a/large_jpg/9_HuntLibrary-credit_Mark_Herboth.jpg?1365017226 | https://images.adsttc.com/media/images/515c/82b2/b3fc/4bc5/2600/0072/large_jpg/7_HuntLibrary-credit_Mark_Herboth.jpg?1365017251 | https://images.adsttc.com/media/images/515c/82ee/b3fc/4b9d/4f00/008b/large_jpg/1_HuntLibrary-credit_Mark_Herboth.jpg?1365017302 | https://images.adsttc.com/media/images/515c/82ef/b3fc/4b2b/a700/006a/large_jpg/2_HuntLibrary-credit_Mark_Herboth.jpg?1365017314 | https://images.adsttc.com/media/images/515c/8256/b3fc/4bc5/2600/0071/large_jpg/Hunt_Facade-credit_Wiss__Janney__Elstner_Associates__Inc.jpg?1365017167 | https://images.adsttc.com/media/images/5722/ab1b/e58e/cee4/4a00/010d/large_jpg/200704_NY_N8_publication.jpg?1461889807 | https://images.adsttc.com/media/images/5722/ac2e/e58e/ce15/2e00/008d/large_jpg/200704_NY_N5_publication.jpg?1461890080 | https://images.adsttc.com/media/images/5722/aad8/e58e/ce15/2e00/0086/large_jpg/200704_NY_N3_publication.jpg?1461889739 | https://images.adsttc.com/media/images/5722/ab0c/e58e/ce15/2e00/0088/large_jpg/200704_NY_N7_publication.jpg?1461889791 | https://images.adsttc.com/media/images/5722/ab85/e58e/ce15/2e00/008b/large_jpg/200704_NY_N16_publication.jpg?1461889913 | https://images.adsttc.com/media/images/5722/ab4f/e58e/cee4/4a00/010f/large_jpg/200704_NY_N12_publication.jpg?1461889858 | https://images.adsttc.com/media/images/5722/ac8a/e58e/ce15/2e00/008f/large_jpg/200704_NY_N22_publication.jpg?1461890174 | https://images.adsttc.com/media/images/5722/ab96/e58e/cee4/4a00/0111/large_jpg/200704_NY_N17_publication.jpg?1461889929 | https://images.adsttc.com/media/images/5722/ab74/e58e/cee4/4a00/0110/large_jpg/200704_NY_N15_publication.jpg?1461889892 | https://images.adsttc.com/media/images/5722/ac4f/e58e/ce15/2e00/008e/large_jpg/200704_NY_N20_publication.jpg?1461890121 | https://images.adsttc.com/media/images/5722/aaf9/e58e/ce15/2e00/0087/large_jpg/200704_NY_N6_publication.jpg?1461889773 | https://images.adsttc.com/media/images/5722/aae8/e58e/cee4/4a00/0107/large_jpg/200704_NY_N4_publication.jpg?1461889755 | https://images.adsttc.com/media/images/5722/ab3c/e58e/ce15/2e00/0089/large_jpg/200704_NY_N10_publication.jpg?1461889840 | https://images.adsttc.com/media/images/5722/ac9c/e58e/cee4/4a00/0114/large_jpg/200704_NY_N69_publication.jpg?1461890191 | https://images.adsttc.com/media/images/5722/aba7/e58e/ce15/2e00/008c/large_jpg/200704_NY_N18_publication.jpg?1461889946 | https://images.adsttc.com/media/images/5722/aac5/e58e/ce15/2e00/0085/large_jpg/200704_NY_N2_publication.jpg?1461889719 | https://images.adsttc.com/media/images/5722/ac7a/e58e/cee4/4a00/0113/large_jpg/200704_NY_N21_publication.jpg?1461890158 | https://images.adsttc.com/media/images/5722/aa39/e58e/ce15/2e00/0084/large_jpg/Hunt_Site_Plan.jpg?1461889582 | https://images.adsttc.com/media/images/5722/a9e4/e58e/ce15/2e00/0080/large_jpg/Hunt_Plan_1.jpg?1461889498 | https://images.adsttc.com/media/images/5722/a9f0/e58e/cee4/4a00/0104/large_jpg/Hunt_Plan_2.jpg?1461889510 | https://images.adsttc.com/media/images/5722/a9fe/e58e/ce15/2e00/0081/large_jpg/Hunt_Plan_3.jpg?1461889524 | https://images.adsttc.com/media/images/5722/aa0a/e58e/cee4/4a00/0105/large_jpg/Hunt_Plan_4.jpg?1461889536 | https://images.adsttc.com/media/images/5722/aa28/e58e/ce15/2e00/0083/large_jpg/Hunt_Short_Section.jpg?1461889566 | https://images.adsttc.com/media/images/5722/aa18/e58e/ce15/2e00/0082/large_jpg/Hunt_Short_section_2.jpg?1461889550 | https://images.adsttc.com/media/images/5722/a9d6/e58e/cee4/4a00/0103/large_jpg/Hunt_Long_Section.jpg?1461889485 | https://images.adsttc.com/media/images/5722/a9c9/e58e/ce15/2e00/007f/large_jpg/Hunt_East_Elevation.jpg?1461889475 | https://images.adsttc.com/media/images/5722/aa44/e58e/cee4/4a00/0106/large_jpg/Hunt_West_Elevation.jpg?1461889597,"Content, LIBRARY, OTHER FACILITIES, Cultural Architecture, Library, Educational Architecture, Other Facilities, Raleigh, Cultural, Educational, Cultural Center, Top100, More Library »"
https://www.archdaily.com/383360/nembro-library-archea?ad_source=search&ad_medium=projects_tab,Nembro Library / Archea,Archea,2007,"Nembro,Lombardy,Italy",1875,,,https://images.adsttc.com/media/images/51af/6911/b3fc/4b22/5b00/0138/large_jpg/Savorelli_003.jpg?1417005417 | https://images.adsttc.com/media/images/51af/6900/b3fc/4b22/5b00/0136/large_jpg/Savorelli_009.jpg?1417005419 | https://images.adsttc.com/media/images/51af/690e/b3fc/4b22/5b00/0137/large_jpg/Savorelli_002.jpg?1417005420 | https://images.adsttc.com/media/images/51af/6920/b3fc/4b22/5b00/0139/large_jpg/Savorelli_007.jpg?1417005422 | https://images.adsttc.com/media/images/51af/6967/b3fc/4bbb/7a00/0137/large_jpg/Savorelli_019.jpg?1417005424 | https://images.adsttc.com/media/images/51af/691c/b3fc/4bbb/7a00/0135/large_jpg/Savorelli_006.jpg?1417005426 | https://images.adsttc.com/media/images/51af/692f/b3fc/4b22/5b00/013a/large_jpg/Savorelli_014.jpg?1417005428 | https://images.adsttc.com/media/images/51af/68ff/b3fc/4bbb/7a00/0134/large_jpg/Savorelli_001.jpg?1417005430 | https://images.adsttc.com/media/images/51af/6931/b3fc/4bbb/7a00/0136/large_jpg/Savorelli_012.jpg?1417005432 | https://images.adsttc.com/media/images/51af/693d/b3fc/4b22/5b00/013b/large_jpg/Savorelli_016.jpg?1417005434 | https://images.adsttc.com/media/images/51af/6963/b3fc/4b22/5b00/013d/large_jpg/Savorelli_018.jpg?1417005435 | https://images.adsttc.com/media/images/51af/6941/b3fc/4b22/5b00/013c/large_jpg/Savorelli_017.jpg?1417005437 | https://images.adsttc.com/media/images/51af/69b1/b3fc/4bbb/7a00/013c/large_jpg/Underground_Floor_Plan.jpg?1417005439 | https://images.adsttc.com/media/images/51af/6988/b3fc/4b22/5b00/013e/large_jpg/First_Floor_Plan.jpg?1417005442 | https://images.adsttc.com/media/images/51af/6aa3/b3fc/4b22/5b00/013f/large_jpg/Ground_Floor_Plan.jpg?1417005472 | https://images.adsttc.com/media/images/51af/699c/b3fc/4bbb/7a00/013a/large_jpg/Section_01.jpg?1417005491 | https://images.adsttc.com/media/images/51af/69a9/b3fc/4bbb/7a00/013b/large_jpg/Section_02.jpg?1417005492 | https://images.adsttc.com/media/images/51af/6988/b3fc/4bbb/7a00/0138/large_jpg/Fa%C3%A7ade_Details.jpg?1417005495 | https://images.adsttc.com/media/images/51af/6994/b3fc/4bbb/7a00/0139/large_jpg/North-West_Elevation.jpg?1417005497,"Content, LIBRARY, Cultural Architecture, Library, Nembro, EUmies Awards, More Library »"
https://www.archdaily.com/913400/the-royal-library-shl?ad_source=search&ad_medium=projects_tab,The Royal Library / SHL,Schmidt Hammer Lassen Architects,1999,"Copenhagen,Denmark",21000,"Wood, Glass, Steel",,https://images.adsttc.com/media/images/5c8f/d8cb/284d/d1e4/9400/0704/large_jpg/The_Royal_Library_SHL_Architects_04.jpg?1552930985 | https://images.adsttc.com/media/images/5c8f/da0c/284d/d1e4/9400/070c/large_jpg/The_Royal_Library_SHL_Architects_11.jpg?1552931324 | https://images.adsttc.com/media/images/5c8f/d98b/284d/d14c/8200/031c/large_jpg/The_Royal_Library_SHL_Architects_09.jpg?1552931191 | https://images.adsttc.com/media/images/5c8f/da2d/284d/d14c/8200/0320/large_jpg/The_Royal_Library_SHL_Architects_12.jpg?1552931341 | https://images.adsttc.com/media/images/5c8f/d8a0/284d/d1e4/9400/0703/large_jpg/The_Royal_Library_SHL_Architects_03.jpg?1552930951 | https://images.adsttc.com/media/images/5c8f/d864/284d/d14c/8200/0315/large_jpg/The_Royal_Library_SHL_Architects_02.jpg?1552930897 | https://images.adsttc.com/media/images/5c8f/dab4/284d/d1e4/9400/070f/large_jpg/The_Royal_Library_SHL_Architects_22.jpg?1552931479 | https://images.adsttc.com/media/images/5c8f/da91/284d/d14c/8200/0322/large_jpg/The_Royal_Library_SHL_Architects_21.jpg?1552931457 | https://images.adsttc.com/media/images/5c8f/d827/284d/d14c/8200/0313/large_jpg/The_Royal_Library_SHL_Architects_06.jpg?1552930845 | https://images.adsttc.com/media/images/5c8f/da5d/284d/d14c/8200/0321/large_jpg/The_Royal_Library_SHL_Architects_15.jpg?1552931398 | https://images.adsttc.com/media/images/5c8f/d837/284d/d14c/8200/0314/large_jpg/The_Royal_Library_SHL_Architects_07.jpg?1552930861 | https://images.adsttc.com/media/images/5c8f/d953/284d/d14c/8200/031a/large_jpg/The_Royal_Library_SHL_Architects_08.jpg?1552931136 | https://images.adsttc.com/media/images/5c8f/da7c/284d/d1e4/9400/070e/large_jpg/The_Royal_Library_SHL_Architects_16.jpg?1552931426 | https://images.adsttc.com/media/images/5c8f/d911/284d/d1e4/9400/0707/large_jpg/The_Royal_Library_SHL_Architects_07.jpg?1552931078 | https://images.adsttc.com/media/images/5c8f/d9d6/284d/d14c/8200/031e/large_jpg/The_Royal_Library_SHL_Architects_10.jpg?1552931275 | https://images.adsttc.com/media/images/5c8f/da43/284d/d1e4/9400/070d/large_jpg/The_Royal_Library_SHL_Architects_14.jpg?1552931377 | https://images.adsttc.com/media/images/5c8f/d8e5/284d/d14c/8200/0317/large_jpg/The_Royal_Library_SHL_Architects_06.jpg?1552931036 | https://images.adsttc.com/media/images/5c8f/d8d8/284d/d1e4/9400/0705/large_jpg/The_Royal_Library_SHL_Architects_05.jpg?1552931022 | https://images.adsttc.com/media/images/5c8f/d886/284d/d14c/8200/0316/large_jpg/The_Royal_Library_SHL_Architects_01.jpg?1552930922 | https://images.adsttc.com/media/images/5c8f/de6e/284d/d1e4/9400/0723/large_jpg/The_Royal_Library_SHL_Architects_Site_plan.jpg?1552932454 | https://images.adsttc.com/media/images/5c8f/de2c/284d/d14c/8200/032f/large_jpg/The_Royal_Library_SHL_Architects_Ground_floor.jpg?1552932385 | https://images.adsttc.com/media/images/5c8f/de3b/284d/d14c/8200/0330/large_jpg/The_Royal_Library_SHL_Architects_Level_02.jpg?1552932402 | https://images.adsttc.com/media/images/5c8f/de4a/284d/d14c/8200/0331/large_jpg/The_Royal_Library_SHL_Architects_Level_06.jpg?1552932417 | https://images.adsttc.com/media/images/5c8f/de56/284d/d14c/8200/0332/large_jpg/The_Royal_Library_SHL_Architects_Section_AA.jpg?1552932432 | https://images.adsttc.com/media/images/5c8f/de61/284d/d14c/8200/0333/large_jpg/The_Royal_Library_SHL_Architects_Section_BB.jpg?1552932444 | https://images.adsttc.com/media/images/5c8f/de12/284d/d14c/8200/032e/large_jpg/The_Royal_Library_SHL_Architects_Elevation_South.jpg?1552932364 | https://images.adsttc.com/media/images/5c8f/de1d/284d/d1e4/9400/0722/large_jpg/The_Royal_Library_SHL_Architects_Elevation_West.jpg?1552932375,"Content, LIBRARY, Library, Copenhagen, Cultural Architecture, Library, Copenhagen, Library, More Library »"
https://www.archdaily.com/250193/canada-water-library-czwg-architects?ad_source=search&ad_medium=projects_tab,Canada Water Library,CZWG Architects,2011,"London,England,United Kingdom",,,,https://images.adsttc.com/media/images/4fee/83db/28ba/0d46/d000/0008/large_jpg/image005.jpg?1436797514 | https://images.adsttc.com/media/images/4fee/83d2/28ba/0d46/d000/0005/large_jpg/image002.jpg?1436797484 | https://images.adsttc.com/media/images/4fee/83de/28ba/0d46/d000/0009/large_jpg/image006.jpg?1436797525 | https://images.adsttc.com/media/images/4fee/83ea/28ba/0d46/d000/000c/large_jpg/image009.jpg?1436797561 | https://images.adsttc.com/media/images/4fee/83fd/28ba/0d46/d000/0011/large_jpg/image014.jpg?1436797610 | https://images.adsttc.com/media/images/4fee/83cf/28ba/0d46/d000/0004/large_jpg/image001.jpg?1436797476 | https://images.adsttc.com/media/images/4fee/8403/28ba/0d46/d000/0013/large_jpg/image016.jpg?1436797627 | https://images.adsttc.com/media/images/4fee/83d6/28ba/0d46/d000/0006/large_jpg/image003.jpg?1436797493 | https://images.adsttc.com/media/images/4fee/83d8/28ba/0d46/d000/0007/large_jpg/image004.jpg?1436797504 | https://images.adsttc.com/media/images/4fee/83df/28ba/0d46/d000/000a/large_jpg/image007.jpg?1436797536 | https://images.adsttc.com/media/images/4fee/83e5/28ba/0d46/d000/000b/large_jpg/image008.jpg?1436797550 | https://images.adsttc.com/media/images/4fee/83ed/28ba/0d46/d000/000d/large_jpg/image010.jpg?1436797570 | https://images.adsttc.com/media/images/4fee/83f0/28ba/0d46/d000/000e/large_jpg/image011.jpg?1436797580 | https://images.adsttc.com/media/images/4fee/83f4/28ba/0d46/d000/000f/large_jpg/image012.jpg?1436797589 | https://images.adsttc.com/media/images/4fee/83f9/28ba/0d46/d000/0010/large_jpg/image013.jpg?1436797600 | https://images.adsttc.com/media/images/4fee/83ff/28ba/0d46/d000/0012/large_jpg/image015.jpg?1436797618 | https://images.adsttc.com/media/images/4fee/8cfb/28ba/0d46/d400/000d/large_jpg/1557_CanadaWaterLibrary_Drawings_2.jpg?1436797637 | https://images.adsttc.com/media/images/4fee/8cfe/28ba/0d46/d400/000e/large_jpg/1557_CanadaWaterLibrary_Drawings_3.jpg?1436797647 | https://images.adsttc.com/media/images/4fee/8cff/28ba/0d46/d400/000f/large_jpg/1557_CanadaWaterLibrary_Drawings_4.jpg?1436797655 | https://images.adsttc.com/media/images/4fee/8d01/28ba/0d46/d400/0010/large_jpg/1557_CanadaWaterLibrary_Drawings_5.jpg?1436797666 | https://images.adsttc.com/media/images/4fee/8d03/28ba/0d46/d400/0011/large_jpg/1557_CanadaWaterLibrary_Drawings_6.jpg?1436797675 | https://images.adsttc.com/media/images/4fee/8d05/28ba/0d46/d400/0012/large_jpg/1557_CanadaWaterLibrary_Drawings_7.jpg?1436797685 | https://images.adsttc.com/media/images/4fee/8d07/28ba/0d46/d400/0013/large_jpg/1557_CanadaWaterLibrary_Drawings_8.jpg?1436797694 | https://images.adsttc.com/media/images/4fee/8d09/28ba/0d46/d400/0014/large_jpg/1557_CanadaWaterLibrary_Drawings_9.jpg?1436797704 | https://images.adsttc.com/media/images/4fee/8d0a/28ba/0d46/d400/0015/large_jpg/1557_CanadaWaterLibrary_Drawings.jpg?1436797713,"Content, LIBRARY, Cultural Architecture, Library, London, Museums And Libraries, More Library »"
https://www.archdaily.com/1016008/the-horizon-library-protoscapes?ad_source=search&ad_medium=projects_tab,The Horizon Library / Protoscapes,Protoscapes,2023,"Hefei,Anhui,China",756,,,https://images.adsttc.com/media/images/662b/056a/c734/943d/29f8/4505/large_jpg/the-horizon-library-protoscapes_1.jpg?1714095490 | https://images.adsttc.com/media/images/662b/0575/65cb/8867/b76a/d39f/large_jpg/the-horizon-library-protoscapes_10.jpg?1714095485 | https://images.adsttc.com/media/images/662b/056d/c734/943d/29f8/4509/large_jpg/the-horizon-library-protoscapes_14.jpg?1714095493 | https://images.adsttc.com/media/images/662b/056b/c734/943d/29f8/4506/large_jpg/the-horizon-library-protoscapes_6.jpg?1714095499 | https://images.adsttc.com/media/images/662b/0569/65cb/8867/b76a/d398/large_jpg/the-horizon-library-protoscapes_7.jpg?1714095481 | https://images.adsttc.com/media/images/662b/0569/65cb/8867/b76a/d397/large_jpg/the-horizon-library-protoscapes_5.jpg?1714095475 | https://images.adsttc.com/media/images/662b/056c/65cb/8867/b76a/d39b/large_jpg/the-horizon-library-protoscapes_9.jpg?1714095501 | https://images.adsttc.com/media/images/662b/056c/c734/943d/29f8/4507/large_jpg/the-horizon-library-protoscapes_4.jpg?1714095483 | https://images.adsttc.com/media/images/662b/056d/65cb/8867/b76a/d39c/large_jpg/the-horizon-library-protoscapes_11.jpg?1714095492 | https://images.adsttc.com/media/images/662b/056d/65cb/8867/b76a/d39d/large_jpg/the-horizon-library-protoscapes_12.jpg?1714095509 | https://images.adsttc.com/media/images/662b/056c/c734/943d/29f8/4508/large_jpg/the-horizon-library-protoscapes_2.jpg?1714095508 | https://images.adsttc.com/media/images/662b/0569/c734/943d/29f8/4503/large_jpg/the-horizon-library-protoscapes_8.jpg?1714095475 | https://images.adsttc.com/media/images/662b/056b/65cb/8825/5e70/ae00/large_jpg/the-horizon-library-protoscapes_18.jpg?1714095482 | https://images.adsttc.com/media/images/662b/056b/65cb/8867/b76a/d39a/large_jpg/the-horizon-library-protoscapes_3.jpg?1714095492 | https://images.adsttc.com/media/images/662b/056a/65cb/8867/b76a/d399/large_jpg/the-horizon-library-protoscapes_17.jpg?1714095483 | https://images.adsttc.com/media/images/662b/0569/c734/943d/29f8/4504/large_jpg/the-horizon-library-protoscapes_13.jpg?1714095483 | https://images.adsttc.com/media/images/662b/056c/65cb/8825/5e70/ae01/large_jpg/the-horizon-library-protoscapes_15.jpg?1714095491 | https://images.adsttc.com/media/images/662b/056d/c734/943d/29f8/450a/large_jpg/the-horizon-library-protoscapes_16.jpg?1714095501 | https://images.adsttc.com/media/images/662b/0575/65cb/8867/b76a/d39e/large_jpg/site-plan-image-credits-protoscapes-4.jpg?1714095505 | https://images.adsttc.com/media/images/662b/0576/65cb/8867/b76a/d3a0/large_jpg/plan-image-credits-protoscapes-2.jpg?1714095496 | https://images.adsttc.com/media/images/662b/057d/65cb/8867/b76a/d3a2/large_jpg/section-perspective-and-details-image-credits-protoscapes-3.jpg?1714095515 | https://images.adsttc.com/media/images/662b/0578/65cb/8867/b76a/d3a1/large_jpg/design-process-image-credits-protoscapes-1.jpg?1714095492,"Content, LIBRARY, Hefei, Cultural Architecture, Library, Hefei, More Library »"
https://www.archdaily.com/1021093/rural-library-pk-inception?ad_source=search&ad_medium=projects_tab,Rural Library / pk_iNCEPTiON,pk_iNCEPTiON,2024,"Kochargaon,Maharashtra,India",108,,,https://images.adsttc.com/media/images/66e2/23e8/6624/5035/295b/9e34/large_jpg/rural-library-pk-inception_3.jpg?1726096375 | https://images.adsttc.com/media/images/66e2/23ea/6624/5001/7ab1/a034/large_jpg/rural-library-pk-inception_1.jpg?1726096376 | https://images.adsttc.com/media/images/66e2/2409/0cc7/a80f/ddb4/2239/large_jpg/rural-library-pk-inception_13.jpg?1726096424 | https://images.adsttc.com/media/images/66e2/2401/6624/5001/7ab1/a03e/large_jpg/rural-library-pk-inception_15.jpg?1726096400 | https://images.adsttc.com/media/images/66e2/23f1/6624/5001/7ab1/a038/large_jpg/rural-library-pk-inception_5.jpg?1726096403 | https://images.adsttc.com/media/images/66e2/23f5/6624/5001/7ab1/a039/large_jpg/rural-library-pk-inception_10.jpg?1726096405 | https://images.adsttc.com/media/images/66e2/23fd/6624/5001/7ab1/a03c/large_jpg/rural-library-pk-inception_11.jpg?1726096407 | https://images.adsttc.com/media/images/66e2/23fe/6624/5001/7ab1/a03d/large_jpg/rural-library-pk-inception_12.jpg?1726096398 | https://images.adsttc.com/media/images/66e2/23f9/6624/5001/7ab1/a03a/large_jpg/rural-library-pk-inception_14.jpg?1726096392 | https://images.adsttc.com/media/images/66e2/240e/0cc7/a80f/ddb4/223c/large_jpg/rural-library-pk-inception_16.jpg?1726096413 | https://images.adsttc.com/media/images/66e2/2407/6624/5001/7ab1/a040/large_jpg/rural-library-pk-inception_17.jpg?1726096421 | https://images.adsttc.com/media/images/66e2/2406/6624/5001/7ab1/a03f/large_jpg/rural-library-pk-inception_18.jpg?1726096404 | https://images.adsttc.com/media/images/66e2/2409/0cc7/a80f/ddb4/223a/large_jpg/rural-library-pk-inception_19.jpg?1726096408 | https://images.adsttc.com/media/images/66e2/23fc/6624/5001/7ab1/a03b/large_jpg/rural-library-pk-inception_2.jpg?1726096394 | https://images.adsttc.com/media/images/66e2/2408/6624/5001/7ab1/a041/large_jpg/rural-library-pk-inception_20.jpg?1726096405 | https://images.adsttc.com/media/images/66e2/23ef/6624/5001/7ab1/a036/large_jpg/rural-library-pk-inception_4.jpg?1726096383 | https://images.adsttc.com/media/images/66e2/240f/6624/5001/7ab1/a043/large_jpg/rural-library-pk-inception_6.jpg?1726096431 | https://images.adsttc.com/media/images/66e2/23f1/6624/5001/7ab1/a037/large_jpg/rural-library-pk-inception_7.jpg?1726096385 | https://images.adsttc.com/media/images/66e2/23ea/6624/5001/7ab1/a035/large_jpg/rural-library-pk-inception_8.jpg?1726096379 | https://images.adsttc.com/media/images/66e2/23f4/0cc7/a80f/ddb4/2238/large_jpg/rural-library-pk-inception_9.jpg?1726096389 | https://images.adsttc.com/media/images/66e2/2412/6624/5001/7ab1/a047/large_jpg/rural-library-pk-inception_6.jpg?1726096414 | https://images.adsttc.com/media/images/66e2/2410/6624/5001/7ab1/a044/large_jpg/rural-library-pk-inception_1.jpg?1726096417 | https://images.adsttc.com/media/images/66e2/2418/6624/5001/7ab1/a04c/large_jpg/rural-library-pk-inception_2.jpg?1726096426 | https://images.adsttc.com/media/images/66e2/2413/0cc7/a80f/ddb4/223e/large_jpg/rural-library-pk-inception_3.jpg?1726096415 | https://images.adsttc.com/media/images/66e2/2411/6624/5001/7ab1/a045/large_jpg/rural-library-pk-inception_4.jpg?1726096413 | https://images.adsttc.com/media/images/66e2/240a/0cc7/a80f/ddb4/223b/large_jpg/rural-library-pk-inception_5.jpg?1726096403 | https://images.adsttc.com/media/images/66e2/240c/6624/5001/7ab1/a042/large_jpg/rural-library-pk-inception_10.jpg?1726096407 | https://images.adsttc.com/media/images/66e2/2412/6624/5001/7ab1/a046/large_jpg/rural-library-pk-inception_7.jpg?1726096413 | https://images.adsttc.com/media/images/66e2/2410/0cc7/a80f/ddb4/223d/large_jpg/rural-library-pk-inception_8.jpg?1726096410 | https://images.adsttc.com/media/images/66e2/2413/6624/5001/7ab1/a048/large_jpg/rural-library-pk-inception_9.jpg?1726096413,"Content, LIBRARY, Kochargaon, Cultural Architecture, Library, Kochargaon, More Library »"
https://www.archdaily.com/517597/the-old-library-tatehindle?ad_source=search&ad_medium=projects_tab,The Old Library / TateHindle,TateHindle,2014,"Royal Leamington Spa,United Kingdom",,,,https://images.adsttc.com/media/images/53a0/e390/c07a/80d6/3400/013f/large_jpg/UPLOAD_Photos_VIL_3376.jpg?1403052931 | https://images.adsttc.com/media/images/53a0/e332/c07a/80fe/d500/0135/large_jpg/UPLOAD_Photos_VIL_3188.jpg?1403052829 | https://images.adsttc.com/media/images/53a0/e359/c07a/80fe/d500/0137/large_jpg/UPLOAD_Photos_VIL_3258.jpg?1403052874 | https://images.adsttc.com/media/images/53a0/e371/c07a/80fe/d500/0138/large_jpg/UPLOAD_Photos_VIL_3344.jpg?1403052895 | https://images.adsttc.com/media/images/53a0/e366/c07a/8079/c500/014c/large_jpg/UPLOAD_Photos_VIL_3301.jpg?1403052881 | https://images.adsttc.com/media/images/53a0/e344/c07a/80fe/d500/0136/large_jpg/UPLOAD_Photos_VIL_3216.jpg?1403052851 | https://images.adsttc.com/media/images/53a0/e34b/c07a/80d6/3400/013d/large_jpg/UPLOAD_Photos_VIL_3219.jpg?1403052861 | https://images.adsttc.com/media/images/53a0/e389/c07a/80fe/d500/0139/large_jpg/UPLOAD_Photos_VIL_3370.jpg?1403052914 | https://images.adsttc.com/media/images/53a0/e3bc/c07a/80fe/d500/013a/large_jpg/first_(2).jpg?1403052958 | https://images.adsttc.com/media/images/53a0/e3ba/c07a/80d6/3400/0140/large_jpg/elevation.jpg?1403052955 | https://images.adsttc.com/media/images/53a0/e3e6/c07a/80d6/3400/0141/large_jpg/first.jpg?1403052992 | https://images.adsttc.com/media/images/53a0/e41c/c07a/80fe/d500/013c/large_jpg/ground.jpg?1403053044 | https://images.adsttc.com/media/images/53a0/e3eb/c07a/8079/c500/014e/large_jpg/ground_(2).jpg?1403052993 | https://images.adsttc.com/media/images/53a0/e41f/c07a/8079/c500/0150/large_jpg/roof.jpg?1403053046 | https://images.adsttc.com/media/images/53a0/e45b/c07a/80fe/d500/013e/large_jpg/site.jpg?1403053127 | https://images.adsttc.com/media/images/53a0/e445/c07a/8079/c500/0151/large_jpg/section_(1).jpg?1403053088 | https://images.adsttc.com/media/images/53a0/e447/c07a/80fe/d500/013d/large_jpg/section_(2).jpg?1403053092,"Content, APARTMENTS, ADAPTIVE REUSE, Residential Architecture, Housing, Apartments, Refurbishment, Adaptive Reuse, Royal Leamington Spa, Residential, Restoration, Residential Architecture, More Apartments »"
https://www.archdaily.com/41475/open-library-superpool?ad_source=search&ad_medium=projects_tab,Open Library / Superpool,Superpool,2008,Istanbul,260,,,https://images.adsttc.com/media/images/5011/f255/28ba/0d5f/4c00/060e/large_jpg/stringio.jpg?1414054940 | https://images.adsttc.com/media/images/5011/f200/28ba/0d5f/4c00/05fd/large_jpg/stringio.jpg?1414054942 | https://images.adsttc.com/media/images/5011/f208/28ba/0d5f/4c00/05ff/large_jpg/stringio.jpg?1414054944 | https://images.adsttc.com/media/images/5011/f20d/28ba/0d5f/4c00/0600/large_jpg/stringio.jpg?1414054946 | https://images.adsttc.com/media/images/5011/f235/28ba/0d5f/4c00/0608/large_jpg/stringio.jpg?1414054948 | https://images.adsttc.com/media/images/5011/f204/28ba/0d5f/4c00/05fe/large_jpg/stringio.jpg?1414054950 | https://images.adsttc.com/media/images/5011/f214/28ba/0d5f/4c00/0601/large_jpg/stringio.jpg?1414054952 | https://images.adsttc.com/media/images/5011/f218/28ba/0d5f/4c00/0602/large_jpg/stringio.jpg?1414054954 | https://images.adsttc.com/media/images/5011/f21d/28ba/0d5f/4c00/0603/large_jpg/stringio.jpg?1414054956 | https://images.adsttc.com/media/images/5011/f1fa/28ba/0d5f/4c00/05fc/large_jpg/stringio.jpg?1414054958 | https://images.adsttc.com/media/images/5011/f223/28ba/0d5f/4c00/0604/large_jpg/stringio.jpg?1414054961 | https://images.adsttc.com/media/images/5011/f227/28ba/0d5f/4c00/0605/large_jpg/stringio.jpg?1414054963 | https://images.adsttc.com/media/images/5011/f22b/28ba/0d5f/4c00/0606/large_jpg/stringio.jpg?1414054965 | https://images.adsttc.com/media/images/5011/f231/28ba/0d5f/4c00/0607/large_jpg/stringio.jpg?1414054967 | https://images.adsttc.com/media/images/5011/f23b/28ba/0d5f/4c00/0609/large_jpg/stringio.jpg?1414054969 | https://images.adsttc.com/media/images/5011/f240/28ba/0d5f/4c00/060a/large_jpg/stringio.jpg?1414054971 | https://images.adsttc.com/media/images/5011/f246/28ba/0d5f/4c00/060b/large_jpg/stringio.jpg?1414054973 | https://images.adsttc.com/media/images/5011/f24b/28ba/0d5f/4c00/060c/large_jpg/stringio.jpg?1414054976 | https://images.adsttc.com/media/images/5011/f251/28ba/0d5f/4c00/060d/large_jpg/stringio.jpg?1414054978 | https://images.adsttc.com/media/images/5011/f259/28ba/0d5f/4c00/060f/large_jpg/stringio.jpg?1414054980 | https://images.adsttc.com/media/images/5011/f25e/28ba/0d5f/4c00/0610/large_jpg/stringio.jpg?1414054982 | https://images.adsttc.com/media/images/5011/f263/28ba/0d5f/4c00/0611/large_jpg/stringio.jpg?1414054984 | https://images.adsttc.com/media/images/5011/f267/28ba/0d5f/4c00/0612/large_jpg/stringio.jpg?1414054989 | https://images.adsttc.com/media/images/5011/f26c/28ba/0d5f/4c00/0613/large_jpg/stringio.jpg?1414054986,"Content, LIBRARY, Istanbul, Cultural Architecture, Library, Istanbul, Dabas, Museums And Libraries, Cultural, Interiors, 3D Modelling, Cultural Center, More Library »"
https://www.archdaily.com/883858/northside-library-nbbj?ad_source=search&ad_medium=projects_tab,Northside Library / NBBJ,NBBJ,2017,"Columbus,Ohio,United States",25000,,,https://images.adsttc.com/media/images/5a0e/cafd/b22e/386e/1800/0188/large_jpg/101398_01_CML_Northside_N80_large.jpg?1510918896 | https://images.adsttc.com/media/images/5a0e/ca3c/b22e/382f/e000/00bb/large_jpg/101398_01_CML_Northside_N68_large.jpg?1510918704 | https://images.adsttc.com/media/images/5a0e/c7e1/b22e/386e/1800/0175/large_jpg/101398_01_CML_Northside_N54_large.jpg?1510918103 | https://images.adsttc.com/media/images/5a0e/cb26/b22e/386e/1800/0189/large_jpg/101398_01_CML_Northside_N77_large.jpg?1510918939 | https://images.adsttc.com/media/images/5a0e/ca62/b22e/386e/1800/0185/large_jpg/101398_01_CML_Northside_N72_large.jpg?1510918742 | https://images.adsttc.com/media/images/5a0e/c8a5/b22e/386e/1800/017f/large_jpg/101398_01_CML_Northside_N48_large.jpg?1510918298 | https://images.adsttc.com/media/images/5a0e/c753/b22e/386e/1800/0172/large_jpg/101398_01_CML_Northside_N6_large.jpg?1510917960 | https://images.adsttc.com/media/images/5a0e/c9a8/b22e/382f/e000/00b8/large_jpg/101398_01_CML_Northside_N59_large.jpg?1510918560 | https://images.adsttc.com/media/images/5a0e/c794/b22e/382f/e000/00ad/large_jpg/101398_01_CML_Northside_N15_large.jpg?1510918026 | https://images.adsttc.com/media/images/5a0e/cc16/b22e/386e/1800/018c/large_jpg/101398_01_CML_Northside_N84_large.jpg?1510919177 | https://images.adsttc.com/media/images/5a0e/c9c9/b22e/382f/e000/00b9/large_jpg/101398_01_CML_Northside_N60_large.jpg?1510918588 | https://images.adsttc.com/media/images/5a0e/cb7b/b22e/382f/e000/00c1/large_jpg/101398_01_CML_Northside_N82_large.jpg?1510919024 | https://images.adsttc.com/media/images/5a0e/c744/b22e/382f/e000/00aa/large_jpg/Slide4.jpg?1510917947 | https://images.adsttc.com/media/images/5a0e/c776/b22e/382f/e000/00ac/large_jpg/Slide5.jpg?1510917997 | https://images.adsttc.com/media/images/5a0e/c79f/b22e/386e/1800/0174/large_jpg/Slide6.jpg?1510918038 | https://images.adsttc.com/media/images/5a0e/c7d6/b22e/382f/e000/00b0/large_jpg/Slide7.jpg?1510918093 | https://images.adsttc.com/media/images/5a0e/c708/b22e/382f/e000/00a8/large_jpg/Slide3.jpg?1510917888,"Content, LIBRARY, Cultural Architecture, Library, Columbus, More Library »"
